slug,agency_slug,name,program_type,program_code,description,eligibility,award_floor,award_ceiling,non_dilutive,funds_lab_not_company,status,url
doe-sbir,doe-sc,DOE SBIR (incl. FY26 AI topical area),sbir,,"DOE Small Business Innovation Research grants; the FY26 AI topical area is the most concrete near-term federal lane for AI-for-science tooling (precedents: Coreform IGA, RadiaSoft MOOSE-GUI). Phase I ~$200K, Phase II ~$1.1M+.","US small business, majority US-owned; PI primarily employed by the firm",50000,1100000,true,false,recurring,https://science.osti.gov/sbir
doe-sttr,doe-sc,DOE STTR,sttr,,"DOE Small Business Technology Transfer; like SBIR but requires a formal research-institution partner (e.g., a national lab or university).","US small business partnered with a US research institution",50000,1100000,true,false,recurring,https://science.osti.gov/sbir
infuse,doe-fes,INFUSE (Innovation Network for Fusion Energy),federal_grant,,"Public-private partnership vouchers pairing private fusion companies with national-lab expertise. IMPORTANT: funds the LAB's work on your behalf — not the company directly (operational leverage, not revenue).","Private fusion companies; work performed at DOE labs/universities",50000,500000,true,true,recurring,https://infuse.ornl.gov
fes-milestone,doe-fes,Milestone-Based Fusion Development Program,federal_grant,,"Cost-shared, pay-for-milestones public-private program modeled on NASA COTS; supports private fusion pilot-plant development.","US fusion developers; cost share required",,,true,false,recurring,https://science.osti.gov/fes
fire-collaboratives,doe-fes,FIRE Collaboratives,federal_grant,,"Fusion Innovative Research Engine collaboratives — virtual, multi-institution teams bridging FES science programs and the fusion industry.","University/lab-led teams with industry participation",,,true,false,forecasted,https://science.osti.gov/fes
scidac,doe-sc,SciDAC (Scientific Discovery through Advanced Computing),federal_grant,,"Partnership program funding computational science teams (incl. fusion via SciDAC/FREDA) that pair domain scientists with applied mathematicians and computer scientists.","Universities and national labs; industry via partnership",,,true,false,recurring,https://www.scidac.gov
incite,doe-sc,INCITE leadership computing allocations,other,,"Compute allocations (not cash) on DOE leadership systems (Frontier, Aurora); relevant as in-kind support for large-scale simulation campaigns.","Open to industry, academia, labs; merit-reviewed",,,true,false,recurring,https://doeleadershipcomputing.org
arpa-e-open,arpa-e,ARPA-E OPEN + targeted programs,federal_grant,,"High-risk energy R&D cooperative agreements; periodic OPEN solicitations plus targeted fusion-relevant programs.","US entities incl. startups; cost share typically 20%",,,true,false,recurring,https://arpa-e.energy.gov
psaap,nnsa,Predictive Science Academic Alliance Program (PSAAP),federal_grant,,"NNSA-funded university centers for predictive simulation science and V&V/UQ at scale.","US universities (centers); industry engagement via partnership",,,true,false,recurring,https://psaap.llnl.gov
neup,doe-ne,Nuclear Energy University Program (NEUP),federal_grant,,"DOE-NE university R&D and infrastructure grants for advanced fission.","US universities; labs/industry as partners",,,true,false,recurring,https://neup.inl.gov
gain,doe-ne,GAIN nuclear energy vouchers,federal_grant,,"Gateway for Accelerated Innovation in Nuclear vouchers. Funds national-lab work on behalf of the company (like INFUSE, for fission).","US nuclear innovators; work performed at DOE labs",,,true,true,recurring,https://gain.inl.gov
nric-vtb,doe-ne,NRIC Virtual Test Bed,federal_grant,,"National Reactor Innovation Center virtual test bed for advanced-reactor demonstration modeling (~$2M/yr scale per KB evidence).","Advanced-reactor developers; lab partnership",,,true,true,recurring,https://nric.inl.gov
nsf-sbir,nsf,NSF SBIR/STTR (America's Seed Fund),sbir,,"Equity-free deep-tech seed funding; Phase I ~$305K, Phase II up to ~$1.25M.","US small business, majority US-owned",50000,1250000,true,false,recurring,https://seedfund.nsf.gov
nih-sbir,nih,NIH SBIR/STTR,sbir,,"Biomedical SBIR/STTR — largest civilian program; relevant for computational-bio adjacencies.","US small business",50000,2000000,true,false,recurring,https://seed.nih.gov
nasa-sbir,nasa,NASA SBIR/STTR,sbir,,"Aerospace SBIR/STTR incl. power, propulsion, and simulation tooling topics.","US small business",50000,850000,true,false,recurring,https://www.nasa.gov/sbir_sttr
dod-sbir,dod,DoD SBIR/STTR,sbir,,"Defense SBIR/STTR across service branches (AFWERX, Navy, DARPA); dual-use deep tech.","US small business",50000,1800000,true,false,recurring,https://www.dodsbirsttr.mil
